Food,Calories,Utility,Carbohydrate,Fat,Protein,Category,Links,Embedded Links
Aam ras(1 cup)+Puri(3),1074,60,225,15.3,12,Veg,https://www.youtube.com/watch?v=XpD5ssKN4Y4&pp=ygUMYWFtIHJhcyBwdXJp,"<iframe  src=""https://www.youtube.com/embed/XpD5ssKN4Y4"" title=""YouTube video player"" frameborder=""0"" allow=""accelerometer; autoplay; clipboard-write; encrypted-media; gyroscope; picture-in-picture; web-share"" allowfullscreen></iframe>"
Alfredo Pasta,855,90,61.5,64.5,24,Veg,https://www.youtube.com/watch?v=9n5z0LTGII4&pp=ygUNYWxmcmVkbyBwYXN0YQ%3D%3D,"<iframe  src=""https://www.youtube.com/embed/9n5z0LTGII4"" title=""YouTube video player"" frameborder=""0"" allow=""accelerometer; autoplay; clipboard-write; encrypted-media; gyroscope; picture-in-picture; web-share"" allowfullscreen></iframe>"
Batata poha(200gms),297,50,37.5,7.5,4.5,Veg,https://www.youtube.com/watch?v=92D8P1mamrQ&pp=ygULYmF0YXRhIHBvaGE%3D,"<iframe  src=""https://www.youtube.com/embed/92D8P1mamrQ"" title=""YouTube video player"" frameborder=""0"" allow=""accelerometer; autoplay; clipboard-write; encrypted-media; gyroscope; picture-in-picture; web-share"" allowfullscreen></iframe>"
bhajra rotla + baingan bharta(132gm),378,80,40.35,19.2,6.3,Veg,https://www.youtube.com/watch?v=50YXoOcuJgI&pp=ygUhYmFqcmEgcm90aSB3aXRoIGJhaW5nYW4ga2EgYmhhcnRh,"<iframe  src=""https://www.youtube.com/embed/50YXoOcuJgI"" title=""YouTube video player"" frameborder=""0"" allow=""accelerometer; autoplay; clipboard-write; encrypted-media; gyroscope; picture-in-picture; web-share"" allowfullscreen></iframe>"
Biryani,244.5,50,19.95,11.55,14.25,Veg,https://www.youtube.com/watch?v=95BCU1n268w&pp=ygUOYmlyeWFuaSByZWNpcGU%3D,"<iframe  src=""https://www.youtube.com/embed/95BCU1n268w"" title=""YouTube video player"" frameborder=""0"" allow=""accelerometer; autoplay; clipboard-write; encrypted-media; gyroscope; picture-in-picture; web-share"" allowfullscreen></iframe>"
Bisi bele bath - 1 cup,450,40,63,18,13.5,Veg,https://www.youtube.com/watch?v=VEArdyBWvdw&pp=ygUNYmlzaSBiZWwgYmF0aA%3D%3D,"<iframe  src=""https://www.youtube.com/embed/VEArdyBWvdw"" title=""YouTube video player"" frameborder=""0"" allow=""accelerometer; autoplay; clipboard-write; encrypted-media; gyroscope; picture-in-picture; web-share"" allowfullscreen></iframe>"
Burrito,450,30,39,24,18,Veg,https://www.youtube.com/watch?v=9Xo7F74WDa4&pp=ygUHYnVycml0bw%3D%3D,"<iframe  src=""https://www.youtube.com/embed/9Xo7F74WDa4"" title=""YouTube video player"" frameborder=""0"" allow=""accelerometer; autoplay; clipboard-write; encrypted-media; gyroscope; picture-in-picture; web-share"" allowfullscreen></iframe>"
Cereal,285,100,115.5,18,16.5,Veg,https://www.youtube.com/watch?v=PfxYGY5QsWg&pp=ygUOY2VyZWFsIHJlY2lwZVw%3D,"<iframe  src=""https://www.youtube.com/embed/PfxYGY5QsWg"" title=""YouTube video player"" frameborder=""0"" allow=""accelerometer; autoplay; clipboard-write; encrypted-media; gyroscope; picture-in-picture; web-share"" allowfullscreen></iframe>"
chickpea curry(1 bowl),966,50,144,24,42,Veg,https://www.youtube.com/watch?v=5bsvxIDkm4g&pp=ygUPY2hpY2hwZWEgIGN1cnJ5,"<iframe  src=""https://www.youtube.com/embed/5bsvxIDkm4g"" title=""YouTube video player"" frameborder=""0"" allow=""accelerometer; autoplay; clipboard-write; encrypted-media; gyroscope; picture-in-picture; web-share"" allowfullscreen></iframe>"
"chickpea, zuchini and mushroom stew",538.5,40,82.5,14.25,25.8,Veg,https://www.youtube.com/watch?v=2x5yE2y2meU&pp=ygUgY2hpY2sgcGVhIHp1Y2hpbmkgbXVzaHJvb20gY3Vycnk%3D,"<iframe  src=""https://www.youtube.com/embed/2x5yE2y2meU"" title=""YouTube video player"" frameborder=""0"" allow=""accelerometer; autoplay; clipboard-write; encrypted-media; gyroscope; picture-in-picture; web-share"" allowfullscreen></iframe>"
Chole Kulcha,469.5,40,3,28.5,48,Veg,https://www.youtube.com/watch?v=MXZJbPurJ9A&pp=ygUUY2hvbGUga3VsY2hlIHJlY2lwZSA%3D,"<iframe  src=""https://www.youtube.com/embed/MXZJbPurJ9A"" title=""YouTube video player"" frameborder=""0"" allow=""accelerometer; autoplay; clipboard-write; encrypted-media; gyroscope; picture-in-picture; web-share"" allowfullscreen></iframe>"
dal makhani and jeera rice,502.5,40,53.4,20.4,10.95,Veg,https://www.youtube.com/watch?v=9toRO2nrmKc&pp=ygUWZGFsIG1ha2hhbmkgamVlcmEgcmljZQ%3D%3D,"<iframe  src=""https://www.youtube.com/embed/9toRO2nrmKc"" title=""YouTube video player"" frameborder=""0"" allow=""accelerometer; autoplay; clipboard-write; encrypted-media; gyroscope; picture-in-picture; web-share"" allowfullscreen></iframe>"
Fish and Chips,1387.5,90,48,88.5,12,Non-Veg,https://www.youtube.com/watch?v=HrNLvCO2tE4&pp=ygUVZmlzaCBhbmQgY2hpcHMgcmVjaXBl,"<iframe  src=""https://www.youtube.com/embed/HrNLvCO2tE4"" title=""YouTube video player"" frameborder=""0"" allow=""accelerometer; autoplay; clipboard-write; encrypted-media; gyroscope; picture-in-picture; web-share"" allowfullscreen></iframe>"
French Toast with Butter,396,100,63,70.5,16.5,Veg,https://www.youtube.com/shorts/7O0pKKlw2fA,"<iframe  src=""https://www.youtube.com/embed/r1ZLSbQ0r0I"" title=""YouTube video player"" frameborder=""0"" allow=""accelerometer; autoplay; clipboard-write; encrypted-media; gyroscope; picture-in-picture; web-share"" allowfullscreen></iframe>"
Fried Carrot Cake,877.5,20,66,70.5,13.5,Veg,https://www.youtube.com/watch?v=kmd-SGagV9M&pp=ygURZnJpZWQgY2Fycm90IGNha2U%3D,"<iframe  src=""https://www.youtube.com/embed/kmd-SGagV9M"" title=""YouTube video player"" frameborder=""0"" allow=""accelerometer; autoplay; clipboard-write; encrypted-media; gyroscope; picture-in-picture; web-share"" allowfullscreen></iframe>"
Fried Hokkien Noodles,925.5,80,63,66,21,Non-Veg,https://www.youtube.com/watch?v=zhXF4Cgua1I&pp=ygUVZnJpZWQgaG9va2llbiBub29kZWxz,"<iframe  src=""https://www.youtube.com/embed/zhXF4Cgua1I"" title=""YouTube video player"" frameborder=""0"" allow=""accelerometer; autoplay; clipboard-write; encrypted-media; gyroscope; picture-in-picture; web-share"" allowfullscreen></iframe>"
Grilled veggie sandwhich(2 bread and 100g veggies),592.5,50,70.5,27,16.5,Veg,https://www.youtube.com/watch?v=1fe-2YDpFyw&pp=ygUUZ3JpbGxlZCB2ZWcgc2FuZHdpY2g%3D,"<iframe  src=""https://www.youtube.com/embed/1fe-2YDpFyw"" title=""YouTube video player"" frameborder=""0"" allow=""accelerometer; autoplay; clipboard-write; encrypted-media; gyroscope; picture-in-picture; web-share"" allowfullscreen></iframe>"
Ham Sandwich,547.5,40,60,40.5,49.5,Non-Veg,https://www.youtube.com/watch?v=JsZoKrxJbjs&pp=ygUTaGFtIHNhbmR3aWNoIHJlY2lwZQ%3D%3D,"<iframe src=""https://www.youtube.com/embed/JsZoKrxJbjs"" title=""YouTube video player"" frameborder=""0"" allow=""accelerometer; autoplay; clipboard-write; encrypted-media; gyroscope; picture-in-picture; web-share"" allowfullscreen></iframe>"
idli (1pc)+ sambhar(1 bowl),513,20,102.15,15.3,21,Veg,https://www.youtube.com/watch?v=_QLLo1b5Zcw&pp=ygUUaWRsaSBzYW1iaGFyIHJlY2VwaWU%3D,"<iframe  src=""https://www.youtube.com/embed/_QLLo1b5Zcw"" title=""YouTube video player"" frameborder=""0"" allow=""accelerometer; autoplay; clipboard-write; encrypted-media; gyroscope; picture-in-picture; web-share"" allowfullscreen></iframe>"
jalebi (1pc) +fafda(50gms),438,20,76.5,5.55,17.7,Veg,https://www.youtube.com/watch?v=gNWW_46qJFA&pp=ygUTamFsZWJpIGZhZmRhIHJlY2lwZQ%3D%3D,"<iframe  src=""https://www.youtube.com/embed/gNWW_46qJFA"" title=""YouTube video player"" frameborder=""0"" allow=""accelerometer; autoplay; clipboard-write; encrypted-media; gyroscope; picture-in-picture; web-share"" allowfullscreen></iframe>"
Kheer 1 cup,423,70,71.4,10.2,12,Veg,https://www.youtube.com/watch?v=riToqi_sAFA&pp=ygUMa2hlZXIgcmVjaXBl,"<iframe  src=""https://www.youtube.com/embed/riToqi_sAFA"" title=""YouTube video player"" frameborder=""0"" allow=""accelerometer; autoplay; clipboard-write; encrypted-media; gyroscope; picture-in-picture; web-share"" allowfullscreen></iframe>"
khichdi(100gm)+kadhi(1cup),384,60,79.35,27,24.15,Veg,https://www.youtube.com/watch?v=LDV77LP8IrU&pp=ygUUa2hpY2hkaSBrYWRoaSByZWNpcGU%3D,"<iframe src=""https://www.youtube.com/embed/LDV77LP8IrU"" title=""YouTube video player"" frameborder=""0"" allow=""accelerometer; autoplay; clipboard-write; encrypted-media; gyroscope; picture-in-picture; web-share"" allowfullscreen></iframe>"
Mac and Cheese With Brocolli,439.5,60,43.95,21,18,Veg,https://www.youtube.com/watch?v=jLzedUxhr1M&pp=ygUbbWFjIGFuZCBjaGVlc2Ugd2l0aCBicm9jb2xp,"<iframe  src=""https://www.youtube.com/embed/jLzedUxhr1M"" title=""YouTube video player"" frameborder=""0"" allow=""accelerometer; autoplay; clipboard-write; encrypted-media; gyroscope; picture-in-picture; web-share"" allowfullscreen></iframe>"
Macaroni Chicken Soup,298.5,80,96,7.5,46.5,Non-Veg,https://www.youtube.com/watch?v=PdtXlN-NU94&pp=ygUdbWFjYXJvbmkgY2hpY2tlbiBzb3VwIHJlY2lwZSA%3D,"<iframe src=""https://www.youtube.com/embed/PdtXlN-NU94"" title=""YouTube video player"" frameborder=""0"" allow=""accelerometer; autoplay; clipboard-write; encrypted-media; gyroscope; picture-in-picture; web-share"" allowfullscreen></iframe>"
moong daal chilla(4 pancake),600,70,60,22.2,38.4,Veg,https://www.youtube.com/watch?v=rdgYebOQQGM&pp=ygUYbW9vbmcgZGFsIGNoaWxsYSByZWNpcGUg,"<iframe  src=""https://www.youtube.com/embed/rdgYebOQQGM"" title=""YouTube video player"" frameborder=""0"" allow=""accelerometer; autoplay; clipboard-write; encrypted-media; gyroscope; picture-in-picture; web-share"" allowfullscreen></iframe>"
Mutton Korma + 2 roti,1047,70,72,56.55,61.5,Veg,https://www.youtube.com/watch?v=gQCJtP3pGMc&pp=ygURbXV0dG9uIGtvcm1hIHJvdGk%3D,"<iframe  src=""https://www.youtube.com/embed/gQCJtP3pGMc"" title=""YouTube video player"" frameborder=""0"" allow=""accelerometer; autoplay; clipboard-write; encrypted-media; gyroscope; picture-in-picture; web-share"" allowfullscreen></iframe>"
nachos with cheese,519,70,54.45,28.5,13.65,Veg,https://www.youtube.com/watch?v=ZKVYlS4QnEY&pp=ygUNY2hlZXNlIG5hY2hvcw%3D%3D,"<iframe  src=""https://www.youtube.com/embed/ZKVYlS4QnEY"" title=""YouTube video player"" frameborder=""0"" allow=""accelerometer; autoplay; clipboard-write; encrypted-media; gyroscope; picture-in-picture; web-share"" allowfullscreen></iframe>"
paneer bhurji (1 cup) + paratha (2pc),1474.5,80,136.65,86.25,46.2,Veg,https://www.youtube.com/watch?v=w1B2PuRKJJU&pp=ygUccGFuZWVyIGJodXJqaSBwYXJhdGhhIHJlY2lwZQ%3D%3D,"<iframe  src=""https://www.youtube.com/embed/w1B2PuRKJJU"" title=""YouTube video player"" frameborder=""0"" allow=""accelerometer; autoplay; clipboard-write; encrypted-media; gyroscope; picture-in-picture; web-share"" allowfullscreen></iframe>"
pani puri(20 pcs),600,80,117,24,12,Veg,https://www.youtube.com/watch?v=Lno88iU9J4w&pp=ygUQcGFuaSBwdXJpIHJlY2lwZQ%3D%3D,"<iframe  src=""https://www.youtube.com/embed/Lno88iU9J4w"" title=""YouTube video player"" frameborder=""0"" allow=""accelerometer; autoplay; clipboard-write; encrypted-media; gyroscope; picture-in-picture; web-share"" allowfullscreen></iframe>"
Pav Bhaji(1 plate+1/2 pav),300,70,70.5,18,10.5,Veg,https://www.youtube.com/watch?v=Gbuse4WX01I&pp=ygUQcGF2IGJoYWppIHJlY2lwZQ%3D%3D,"<iframe  src=""https://www.youtube.com/embed/Gbuse4WX01I"" title=""YouTube video player"" frameborder=""0"" allow=""accelerometer; autoplay; clipboard-write; encrypted-media; gyroscope; picture-in-picture; web-share"" allowfullscreen></iframe>"
Peanut Soup,382.5,70,52.5,76.5,21,Veg,https://www.youtube.com/watch?v=A0NXofUjdkc&pp=ygUScGVhbnV0IHNvdXAgcmVjaXBl,"<iframe  src=""https://www.youtube.com/embed/A0NXofUjdkc"" title=""YouTube video player"" frameborder=""0"" allow=""accelerometer; autoplay; clipboard-write; encrypted-media; gyroscope; picture-in-picture; web-share"" allowfullscreen></iframe>"
Poha 1 bowl,495,50,103.35,9,10.2,Veg,https://www.youtube.com/watch?v=a3dq7eADEug&pp=ygUUcG9oYSByZWNpcGUgaW4gaGluZGk%3D,"<iframe  src=""https://www.youtube.com/embed/a3dq7eADEug"" title=""YouTube video player"" frameborder=""0"" allow=""accelerometer; autoplay; clipboard-write; encrypted-media; gyroscope; picture-in-picture; web-share"" allowfullscreen></iframe>"
ragda pattice (1 cup white peas + 1/8 cup tamarind (imli) + small potato),555,50,75,19.5,12,Veg,https://www.youtube.com/watch?v=sGHpPi0zYvc&pp=ygUUcmFnZGEgcGF0dGljZSByZWNpcGU%3D,"<iframe  src=""https://www.youtube.com/embed/sGHpPi0zYvc"" title=""YouTube video player"" frameborder=""0"" allow=""accelerometer; autoplay; clipboard-write; encrypted-media; gyroscope; picture-in-picture; web-share"" allowfullscreen></iframe>"
rajma and jeera rice,960,90,133.5,37.5,21,Veg,https://www.youtube.com/watch?v=PsSNpXmb-Gw&pp=ygUQcmFqbWEgamVlcmEgcmljZQ%3D%3D,"<iframe  src=""https://www.youtube.com/embed/PsSNpXmb-Gw"" title=""YouTube video player"" frameborder=""0"" allow=""accelerometer; autoplay; clipboard-write; encrypted-media; gyroscope; picture-in-picture; web-share"" allowfullscreen></iframe>"
Rice+Dal Fry,1156.5,40,156,31.5,48,Veg,https://www.youtube.com/watch?v=8c_scYUN5uc&pp=ygUMcmljZSBkYWwgZnJ5,"<iframe  src=""https://www.youtube.com/embed/8c_scYUN5uc"" title=""YouTube video player"" frameborder=""0"" allow=""accelerometer; autoplay; clipboard-write; encrypted-media; gyroscope; picture-in-picture; web-share"" allowfullscreen></iframe>"
Roti(3)+Aloo gobi sabji(1 bowl),721.5,70,105,33,13.5,Veg,https://www.youtube.com/watch?v=Z0R9iu_Am4s&pp=ygUZY2hhcGF0aSBhbG9vIGdvYmkgcmVjaXBlIA%3D%3D,"<iframe  src=""https://www.youtube.com/embed/Z0R9iu_Am4s"" title=""YouTube video player"" frameborder=""0"" allow=""accelerometer; autoplay; clipboard-write; encrypted-media; gyroscope; picture-in-picture; web-share"" allowfullscreen></iframe>"
Roti(3)+Paneer Tikka Masala(1 bowl),840,10,93.75,40.5,25.5,Veg,https://www.youtube.com/watch?v=rkMzLvcy-JY&pp=ygUYcGFuZWVyIHRpa2thIG1hc2FsYSByb3Rp,"<iframe  src=""https://www.youtube.com/embed/rkMzLvcy-JY"" title=""YouTube video player"" frameborder=""0"" allow=""accelerometer; autoplay; clipboard-write; encrypted-media; gyroscope; picture-in-picture; web-share"" allowfullscreen></iframe>"
Sabudana Khichdi + Dahi,444,10,61.5,17.55,12.6,Veg,https://www.youtube.com/watch?v=9zSoII4rYS0&pp=ygUXc2FidWRhbmEga2hpY2hkaSByZWNpcGU%3D,"<iframe  src=""https://www.youtube.com/embed/9zSoII4rYS0"" title=""YouTube video player"" frameborder=""0"" allow=""accelerometer; autoplay; clipboard-write; encrypted-media; gyroscope; picture-in-picture; web-share"" allowfullscreen></iframe>"
"sabudana vadaShallow Fried, 1 piece (about 35 - 40g)",210,100,38.1,5.25,3.45,Veg,https://www.youtube.com/watch?v=LLd4Yb2oR7g&pp=ygUUc2FidWRhbmEgdmFkYSByZWNpcGU%3D,"<iframe  src=""https://www.youtube.com/embed/LLd4Yb2oR7g"" title=""YouTube video player"" frameborder=""0"" allow=""accelerometer; autoplay; clipboard-write; encrypted-media; gyroscope; picture-in-picture; web-share"" allowfullscreen></iframe>"
sarso da saag and makki ki roti,480,50,66,24.6,12,Veg,https://www.youtube.com/watch?v=tDE2_XKqAlQ&pp=ygUic2Fyc28ga2Egc2FhZyBtYWtraSBraSByb3RpIHJlY2lwZQ%3D%3D,"<iframe  src=""https://www.youtube.com/embed/tDE2_XKqAlQ"" title=""YouTube video player"" frameborder=""0"" allow=""accelerometer; autoplay; clipboard-write; encrypted-media; gyroscope; picture-in-picture; web-share"" allowfullscreen></iframe>"
Sev puri+1 thumps up,546,60,144,0,0,Veg,https://www.youtube.com/watch?v=-qKo7rai1yQ&pp=ygUPc2V2IHB1cmkgcmVjaXBl,"<iframe  src=""https://www.youtube.com/embed/-qKo7rai1yQ"" title=""YouTube video player"" frameborder=""0"" allow=""accelerometer; autoplay; clipboard-write; encrypted-media; gyroscope; picture-in-picture; web-share"" allowfullscreen></iframe>"
Soya Sauce Chicken Rice,826.5,70,64.5,58.5,27,Non-Veg,https://www.youtube.com/watch?v=oyZt88F6EAk&pp=ygUec295IHNhdWNlIGNoaWNrZW4gcmljZSByZWNpcGUg,"<iframe  src=""https://www.youtube.com/embed/oyZt88F6EAk"" title=""YouTube video player"" frameborder=""0"" allow=""accelerometer; autoplay; clipboard-write; encrypted-media; gyroscope; picture-in-picture; web-share"" allowfullscreen></iframe>"
talod dhokla(110g) + aamras(1 cup),784.5,30,175.5,2.7,26.1,Veg,https://www.youtube.com/watch?v=ExrgDeKqOeI&pp=ygUTdGFsb2QgZGhva2xhIHJlY2lwZQ%3D%3D,"<iframe src=""https://www.youtube.com/embed/ExrgDeKqOeI"" title=""YouTube video player"" frameborder=""0"" allow=""accelerometer; autoplay; clipboard-write; encrypted-media; gyroscope; picture-in-picture; web-share"" allowfullscreen></iframe>"
Thepla(3)+Sukha Aloo(1 bowl)+Chaas,678,20,85.5,38.4,19.2,Veg,https://www.youtube.com/watch?v=FBKPXg6E_Pg&pp=ygUYdGhlcGxhIHN1a2hpIGFsb28gcmVjaXBl,"<iframe src=""https://www.youtube.com/embed/FBKPXg6E_Pg"" title=""YouTube video player"" frameborder=""0"" allow=""accelerometer; autoplay; clipboard-write; encrypted-media; gyroscope; picture-in-picture; web-share"" allowfullscreen></iframe>"
undhiya(1cup) + puri(1pc),541.5,40,50.55,20.25,8.55,Veg,https://www.youtube.com/watch?v=qrwJ6YwTpDQ&pp=ygUUdW5kaGl5dSBwdXJpIHJlY2lwZSA%3D,"<iframe src=""https://www.youtube.com/embed/qrwJ6YwTpDQ"" title=""YouTube video player"" frameborder=""0"" allow=""accelerometer; autoplay; clipboard-write; encrypted-media; gyroscope; picture-in-picture; web-share"" allowfullscreen></iframe>"
upma(120gms),375,30,68.55,5.7,12.15,Veg,https://www.youtube.com/watch?v=mQ6v9l6FpNE&pp=ygUEdXBtYQ%3D%3D,"<iframe src=""https://www.youtube.com/embed/mQ6v9l6FpNE"" title=""YouTube video player"" frameborder=""0"" allow=""accelerometer; autoplay; clipboard-write; encrypted-media; gyroscope; picture-in-picture; web-share"" allowfullscreen></iframe>"
vada pav (2pc),900,30,165,27,9,Veg,https://www.youtube.com/watch?v=r4saZD0J_gU&pp=ygUQdmFkYSBwYXYgcmVjaXBlIA%3D%3D,"<iframe src=""https://www.youtube.com/embed/r4saZD0J_gU"" title=""YouTube video player"" frameborder=""0"" allow=""accelerometer; autoplay; clipboard-write; encrypted-media; gyroscope; picture-in-picture; web-share"" allowfullscreen></iframe>"
Waffles with Kaya,600,40,75,63,12,Non-Veg,https://www.youtube.com/watch?v=McAly2fIly0&pp=ygUYd2FmZmxlcyB3aXRoIGtheWEgcmVjaXBl,"<iframe src=""https://www.youtube.com/embed/McAly2fIly0"" title=""YouTube video player"" frameborder=""0"" allow=""accelerometer; autoplay; clipboard-write; encrypted-media; gyroscope; picture-in-picture; web-share"" allowfullscreen></iframe>"
Masala Dosa With Sambhar & Chutney,435,50,67.5,14.25,12,Veg,https://www.youtube.com/watch?v=PFG1aeYgi7c&pp=ygUSbWFzYWxhIGRvc2EgcmVjaXBl,"<iframe src=""https://www.youtube.com/embed/PFG1aeYgi7c"" title=""YouTube video player"" frameborder=""0"" allow=""accelerometer; autoplay; clipboard-write; encrypted-media; gyroscope; picture-in-picture; web-share"" allowfullscreen></iframe>"
Idli Sambhar With Chutney - 2 pieces,825,90,58.5,3.75,10.5,Veg,https://www.youtube.com/watch?v=_QLLo1b5Zcw&pp=ygUUaWRsaSBzYW1iaGFyIHJlY2VwaWU%3D,"<iframe src=""https://www.youtube.com/embed/_QLLo1b5Zcw"" title=""YouTube video player"" frameborder=""0"" allow=""accelerometer; autoplay; clipboard-write; encrypted-media; gyroscope; picture-in-picture; web-share"" allowfullscreen></iframe>"
Muthiya -  1 cup,315,40,60,4.35,13.5,Veg,https://www.youtube.com/watch?v=ZP96xww2uI4&pp=ygUObXV0aGl5YSByZWNpcGU%3D,"<iframe src=""https://www.youtube.com/embed/ZP96xww2uI4?start=1"" title=""YouTube video player"" frameborder=""0"" allow=""accelerometer; autoplay; clipboard-write; encrypted-media; gyroscope; picture-in-picture; web-share"" allowfullscreen></iframe>"
Undhiyu + 3 Rotis,831,30,110.85,31.8,18,Veg,https://www.youtube.com/watch?v=76WP69qtDi8&pp=ygUOdW5kaGl5dSByZWNpcGU%3D,"<iframe src=""https://www.youtube.com/embed/76WP69qtDi8"" title=""YouTube video player"" frameborder=""0"" allow=""accelerometer; autoplay; clipboard-write; encrypted-media; gyroscope; picture-in-picture; web-share"" allowfullscreen></iframe>"
Nylon Khaman - 100g,529.5,20,99,6.3,19.5,Veg,https://www.youtube.com/watch?v=Odk3oMRh5zg&pp=ygUTbnlsb24ga2hhbWFuIHJlY2lwZQ%3D%3D,"<iframe  src=""https://www.youtube.com/embed/Odk3oMRh5zg"" title=""YouTube video player"" frameborder=""0"" allow=""accelerometer; autoplay; clipboard-write; encrypted-media; gyroscope; picture-in-picture; web-share"" allowfullscreen></iframe>"
Butter Chicken - 1 bowl,745.5,10,60,36,64.5,Non-Veg,https://www.youtube.com/watch?v=b7yuoRk227Y&pp=ygUVYnV0dGVyIGNoaWNrZW4gcmVjaXBl,"<iframe  src=""https://www.youtube.com/embed/b7yuoRk227Y"" title=""YouTube video player"" frameborder=""0"" allow=""accelerometer; autoplay; clipboard-write; encrypted-media; gyroscope; picture-in-picture; web-share"" allowfullscreen></iframe>"
Chicken Tikka Masala - 1 bowl,600,50,48,37.5,39,Non-Veg,https://www.youtube.com/watch?v=wm5vqZcl8BQ&pp=ygUcY2hpY2tlbiB0aWtrYSBtYXNhbGEgcmVjaXBlIA%3D%3D,"<iframe  src=""https://www.youtube.com/embed/wm5vqZcl8BQ"" title=""YouTube video player"" frameborder=""0"" allow=""accelerometer; autoplay; clipboard-write; encrypted-media; gyroscope; picture-in-picture; web-share"" allowfullscreen></iframe>"
Mughlai Chicken - 1 bowl,439.5,90,19.5,27,30.3,Non-Veg,https://www.youtube.com/watch?v=dVbNLOu4Xqk&pp=ygUWbXVnaGxhaSBjaGlja2VuIHJlY2lwZQ%3D%3D,"<iframe  src=""https://www.youtube.com/embed/dVbNLOu4Xqk"" title=""YouTube video player"" frameborder=""0"" allow=""accelerometer; autoplay; clipboard-write; encrypted-media; gyroscope; picture-in-picture; web-share"" allowfullscreen></iframe>"
4 Momos,459,100,50.85,18,15,Veg,https://www.youtube.com/watch?v=WR_X33yGgNk&pp=ygUMbW9tb3MgcmVjaXBl,"<iframe  src=""https://www.youtube.com/embed/WR_X33yGgNk"" title=""YouTube video player"" frameborder=""0"" allow=""accelerometer; autoplay; clipboard-write; encrypted-media; gyroscope; picture-in-picture; web-share"" allowfullscreen></iframe>"
Dal Bati Churma - 200g,960,90,90,15,12,Veg,https://www.youtube.com/watch?v=N3_R51ZXn7g&pp=ygUfZGFsIGJhdGkgY2h1cm1hIGthaXNlIGJhbnRhIGhhaQ%3D%3D,"<iframe  src=""https://www.youtube.com/embed/N3_R51ZXn7g"" title=""YouTube video player"" frameborder=""0"" allow=""accelerometer; autoplay; clipboard-write; encrypted-media; gyroscope; picture-in-picture; web-share"" allowfullscreen></iframe>"
Chicken Vindaloo - 1 portion,931.5,80,108,31.5,48,Non-Veg,https://www.youtube.com/watch?v=6nqsPZ1sjc4&pp=ygUXY2hpY2tlbiB2aW5kYWxvbyByZWNpcGU%3D,"<iframe  src=""https://www.youtube.com/embed/6nqsPZ1sjc4"" title=""YouTube video player"" frameborder=""0"" allow=""accelerometer; autoplay; clipboard-write; encrypted-media; gyroscope; picture-in-picture; web-share"" allowfullscreen></iframe>"
omelette,304.5,100,6,30,19.5,Non-Veg,https://www.youtube.com/watch?v=sAa-CEl5Z-k&pp=ygUPb21lbGV0dGUgcmVjaXBl,"<iframe  src=""https://www.youtube.com/embed/sAa-CEl5Z-k"" title=""YouTube video player"" frameborder=""0"" allow=""accelerometer; autoplay; clipboard-write; encrypted-media; gyroscope; picture-in-picture; web-share"" allowfullscreen></iframe>"
Breakfast Biscuits - Oats and Milk,324,70,50.25,11.7,6.6,Veg,https://www.youtube.com/watch?v=4b9HU0iphMM&pp=ygULb2F0cyByZWNpcGU%3D,"<iframe  src=""https://www.youtube.com/embed/4b9HU0iphMM"" title=""YouTube video player"" frameborder=""0"" allow=""accelerometer; autoplay; clipboard-write; encrypted-media; gyroscope; picture-in-picture; web-share"" allowfullscreen></iframe>"
Banana Bread,339,40,54,12,6,Veg,https://www.youtube.com/watch?v=wDYGn36lM30&pp=ygUTYmFuYW5hIGJyZWFkIHJlY2lwZQ%3D%3D,"<iframe  src=""https://www.youtube.com/embed/wDYGn36lM30"" title=""YouTube video player"" frameborder=""0"" allow=""accelerometer; autoplay; clipboard-write; encrypted-media; gyroscope; picture-in-picture; web-share"" allowfullscreen></iframe>"
"Muesli With Oats, Dates & Berries",717,70,69,34.5,25.5,Veg,https://www.youtube.com/watch?v=OoJXS-SBq1Q&pp=ygUZaG9tZW1hZGUgbXVlc2xpIHdpdGggb2F0cw%3D%3D,"<iframe  src=""https://www.youtube.com/embed/OoJXS-SBq1Q"" title=""YouTube video player"" frameborder=""0"" allow=""accelerometer; autoplay; clipboard-write; encrypted-media; gyroscope; picture-in-picture; web-share"" allowfullscreen></iframe>"
Bread Upma,649.5,30,87,25.5,16.5,Veg,https://www.youtube.com/watch?v=y2GPMVUqHnU&pp=ygUKYnJlYWQgdXBtYQ%3D%3D,"<iframe  src=""https://www.youtube.com/embed/y2GPMVUqHnU"" title=""YouTube video player"" frameborder=""0"" allow=""accelerometer; autoplay; clipboard-write; encrypted-media; gyroscope; picture-in-picture; web-share"" allowfullscreen></iframe>"
Humus + pita bread,450,50,102,37.5,30,Veg,https://www.youtube.com/watch?v=smA3dEHLGpk&pp=ygUZaHVtbXVzIHBpdGEgYnJlYWQgcmVjaXBlIA%3D%3D,"<iframe src=""https://www.youtube.com/embed/smA3dEHLGpk"" title=""YouTube video player"" frameborder=""0"" allow=""accelerometer; autoplay; clipboard-write; encrypted-media; gyroscope; picture-in-picture; web-share"" allowfullscreen></iframe>"
Mughal mutton curry,825,30,105,45,42,Non-Veg,https://www.youtube.com/watch?v=fNz7Fd0_W4o&pp=ygUcbXVnaGxhaSBtdXR0b24gY3VycnkgcmVjaXBlIA%3D%3D,"<iframe src=""https://www.youtube.com/embed/fNz7Fd0_W4o"" title=""YouTube video player"" frameborder=""0"" allow=""accelerometer; autoplay; clipboard-write; encrypted-media; gyroscope; picture-in-picture; web-share"" allowfullscreen></iframe>"
Tunda Kebab,720,20,112.5,82.5,45,Non-Veg,https://www.youtube.com/watch?v=zlubhuj7G-w&pp=ygUUdHVuZGF5IGtlYmFiIHJlY2lwZSA%3D,"<iframe  src=""https://www.youtube.com/embed/zlubhuj7G-w"" title=""YouTube video player"" frameborder=""0"" allow=""accelerometer; autoplay; clipboard-write; encrypted-media; gyroscope; picture-in-picture; web-share"" allowfullscreen></iframe>"
Grilled Chicken Escalope with fresh salsa,540,10,45,33,37.5,Non-Veg,https://www.youtube.com/watch?v=8-Ovw-2r1Vo&pp=ygUpR3JpbGxlZCBDaGlja2VuIEVzY2Fsb3BlIHdpdGggZnJlc2ggc2Fsc2E%3D,"<iframe  src=""https://www.youtube.com/embed/8-Ovw-2r1Vo"" title=""YouTube video player"" frameborder=""0"" allow=""accelerometer; autoplay; clipboard-write; encrypted-media; gyroscope; picture-in-picture; web-share"" allowfullscreen></iframe>"
Chicken 65,495,60,30,15,30,Non-Veg,https://www.youtube.com/watch?v=DZtqRaHYsf8&pp=ygURY2hpY2tlbiA2NSByZWNpcGU%3D,"<iframe  src=""https://www.youtube.com/embed/DZtqRaHYsf8"" title=""YouTube video player"" frameborder=""0"" allow=""accelerometer; autoplay; clipboard-write; encrypted-media; gyroscope; picture-in-picture; web-share"" allowfullscreen></iframe>"
Roti Prata with Egg (2 pieces),864,50,0.585,0.66,0.255,Non-Veg,https://www.youtube.com/watch?v=my5RWiHOfRI&pp=ygUOcm90aSBwcmF0YSBlZ2c%3D,"<iframe  src=""https://www.youtube.com/embed/my5RWiHOfRI"" title=""YouTube video player"" frameborder=""0"" allow=""accelerometer; autoplay; clipboard-write; encrypted-media; gyroscope; picture-in-picture; web-share"" allowfullscreen></iframe>"